"(Ray(pos=(-0.03, -1.09, 0.00), dir=(0.21, -0.02, 0.98), nm=450.00, alive=True), <Event.GENERATE: 0>)","(Ray(pos=(0.17, -1.11, 0.97), dir=(0.11, -0.01, 0.99), nm=450.00, alive=True), <Event.TRANSMIT: 2>)","(Ray(pos=(0.17, -1.11, 0.97), dir=(0.11, -0.01, 0.99), nm=450.00, alive=True), <Event.ABSORB: 3>)"
"(Ray(pos=(0.01, 0.24, 0.00), dir=(-0.01, 0.13, 0.99), nm=450.00, alive=True), <Event.GENERATE: 0>)","(Ray(pos=(-0.00, 0.37, 0.97), dir=(-0.01, 0.13, -0.99), nm=450.00, alive=True), <Event.REFLECT: 1>)","(Ray(pos=(-0.08, 1.79, -9.84), dir=(-0.01, 0.13, -0.99), nm=450.00, alive=True), <Event.EXIT: 6>)"
"(Ray(pos=(0.04, 0.83, 0.00), dir=(-0.23, 0.28, 0.93), nm=450.00, alive=True), <Event.GENERATE: 0>)","(Ray(pos=(-0.20, 1.13, 0.97), dir=(-0.13, 0.15, 0.98), nm=450.00, alive=True), <Event.TRANSMIT: 2>)","(Ray(pos=(-0.21, 1.13, 1.01), dir=(-0.13, 0.15, 0.98), nm=450.00, alive=True), <Event.ABSORB: 3>)"
"(Ray(pos=(-0.02, -1.45, 0.00), dir=(-0.14, -0.08, 0.99), nm=450.00, alive=True), <Event.GENERATE: 0>)","(Ray(pos=(-0.16, -1.53, 0.97), dir=(-0.14, -0.08, -0.99), nm=450.00, alive=True), <Event.REFLECT: 1>)","(Ray(pos=(-1.69, -2.40, -9.56), dir=(-0.14, -0.08, -0.99), nm=450.00, alive=True), <Event.EXIT: 6>)"
"(Ray(pos=(0.04, -1.18, 0.00), dir=(-0.09, -0.06, 0.99), nm=450.00, alive=True), <Event.GENERATE: 0>)","(Ray(pos=(-0.05, -1.24, 0.97), dir=(-0.05, -0.03, 1.00), nm=450.00, alive=True), <Event.TRANSMIT: 2>)","(Ray(pos=(-0.05, -1.24, 0.97), dir=(-0.05, -0.03, 1.00), nm=450.00, alive=True), <Event.ABSORB: 3>)"
"(Ray(pos=(0.03, 0.63, 0.00), dir=(0.22, 0.10, 0.97), nm=450.00, alive=True), <Event.GENERATE: 0>)","(Ray(pos=(2.24, 1.66, 9.60), dir=(0.22, 0.10, 0.97), nm=450.00, alive=True), <Event.EXIT: 6>)"
"(Ray(pos=(0.02, 0.33, 0.00), dir=(-0.28, -0.18, 0.94), nm=450.00, alive=True), <Event.GENERATE: 0>)","(Ray(pos=(-2.80, -1.50, 9.48), dir=(-0.28, -0.18, 0.94), nm=450.00, alive=True), <Event.EXIT: 6>)"
"(Ray(pos=(-0.05, 1.96, 0.00), dir=(-0.30, -0.09, 0.95), nm=450.00, alive=True), <Event.GENERATE: 0>)","(Ray(pos=(-3.01, 1.03, 9.48), dir=(-0.30, -0.09, 0.95), nm=450.00, alive=True), <Event.EXIT: 6>)"
"(Ray(pos=(0.02, 1.96, 0.00), dir=(0.27, 0.15, 0.95), nm=450.00, alive=True), <Event.GENERATE: 0>)","(Ray(pos=(2.61, 3.36, 9.05), dir=(0.27, 0.15, 0.95), nm=450.00, alive=True), <Event.EXIT: 6>)"
"(Ray(pos=(-0.05, -0.15, 0.00), dir=(0.16, -0.13, 0.98), nm=450.00, alive=True), <Event.GENERATE: 0>)","(Ray(pos=(0.11, -0.28, 0.97), dir=(0.09, -0.07, 0.99), nm=450.00, alive=True), <Event.TRANSMIT: 2>)","(Ray(pos=(0.11, -0.28, 0.98), dir=(0.09, -0.07, 0.99), nm=450.00, alive=True), <Event.ABSORB: 3>)"
"(Ray(pos=(-0.05, -0.34, 0.00), dir=(0.15, -0.11, 0.98), nm=450.00, alive=True), <Event.GENERATE: 0>)","(Ray(pos=(0.10, -0.45, 0.97), dir=(0.08, -0.06, 0.99), nm=450.00, alive=True), <Event.TRANSMIT: 2>)","(Ray(pos=(0.11, -0.45, 0.99), dir=(0.08, -0.06, 0.99), nm=450.00, alive=True), <Event.ABSORB: 3>)"
"(Ray(pos=(-0.02, -1.05, 0.00), dir=(-0.31, 0.22, 0.93), nm=450.00, alive=True), <Event.GENERATE: 0>)","(Ray(pos=(-3.13, 1.17, 9.43), dir=(-0.31, 0.22, 0.93), nm=450.00, alive=True), <Event.EXIT: 6>)"
"(Ray(pos=(-0.02, 0.69, 0.00), dir=(0.29, -0.24, 0.93), nm=450.00, alive=True), <Event.GENERATE: 0>)","(Ray(pos=(2.94, -1.74, 9.40), dir=(0.29, -0.24, 0.93), nm=450.00, alive=True), <Event.EXIT: 6>)"
"(Ray(pos=(-0.03, 1.93, 0.00), dir=(-0.05, 0.02, 1.00), nm=450.00, alive=True), <Event.GENERATE: 0>)","(Ray(pos=(-0.07, 1.95, 0.97), dir=(-0.03, 0.01, 1.00), nm=450.00, alive=True), <Event.TRANSMIT: 2>)","(Ray(pos=(-0.07, 1.95, 0.98), dir=(-0.03, 0.01, 1.00), nm=450.00, alive=True), <Event.ABSORB: 3>)"
"(Ray(pos=(-0.02, 0.21, 0.00), dir=(0.31, -0.20, 0.93), nm=450.00, alive=True), <Event.GENERATE: 0>)","(Ray(pos=(3.05, -1.77, 9.36), dir=(0.31, -0.20, 0.93), nm=450.00, alive=True), <Event.EXIT: 6>)"
"(Ray(pos=(0.03, -0.74, 0.00), dir=(-0.19, 0.10, 0.98), nm=450.00, alive=True), <Event.GENERATE: 0>)","(Ray(pos=(-0.17, -0.65, 0.97), dir=(-0.11, 0.05, 0.99), nm=450.00, alive=True), <Event.TRANSMIT: 2>)","(Ray(pos=(-0.17, -0.65, 1.01), dir=(0.09, 0.25, -0.96), nm=535.08, alive=True), <Event.EMIT: 5>)","(Ray(pos=(-0.17, -0.64, 0.97), dir=(0.16, 0.47, -0.87), nm=535.08, alive=True), <Event.TRANSMIT: 2>)","(Ray(pos=(1.63, 4.57, -8.74), dir=(0.16, 0.47, -0.87), nm=535.08, alive=True), <Event.EXIT: 6>)"
"(Ray(pos=(0.02, 0.26, 0.00), dir=(0.03, -0.25, 0.97), nm=450.00, alive=True), <Event.GENERATE: 0>)","(Ray(pos=(0.05, 0.01, 0.97), dir=(0.02, -0.14, 0.99), nm=450.00, alive=True), <Event.TRANSMIT: 2>)","(Ray(pos=(0.05, 0.01, 0.99), dir=(0.02, -0.14, 0.99), nm=450.00, alive=True), <Event.ABSORB: 3>)"
"(Ray(pos=(-0.02, -0.11, 0.00), dir=(-0.13, -0.06, 0.99), nm=450.00, alive=True), <Event.GENERATE: 0>)","(Ray(pos=(-0.14, -0.17, 0.97), dir=(-0.07, -0.03, 1.00), nm=450.00, alive=True), <Event.TRANSMIT: 2>)","(Ray(pos=(-0.15, -0.17, 0.98), dir=(-0.07, -0.03, 1.00), nm=450.00, alive=True), <Event.ABSORB: 3>)"
"(Ray(pos=(-0.04, 1.50, 0.00), dir=(0.13, 0.26, 0.96), nm=450.00, alive=True), <Event.GENERATE: 0>)","(Ray(pos=(0.09, 1.76, 0.97), dir=(0.07, 0.14, 0.99), nm=450.00, alive=True), <Event.TRANSMIT: 2>)","(Ray(pos=(0.09, 1.76, 0.98), dir=(0.07, 0.14, 0.99), nm=450.00, alive=True), <Event.ABSORB: 3>)"
"(Ray(pos=(-0.04, -0.71, 0.00), dir=(-0.04, 0.10, 0.99), nm=450.00, alive=True), <Event.GENERATE: 0>)","(Ray(pos=(-0.09, -0.61, 0.97), dir=(-0.02, 0.06, 1.00), nm=450.00, alive=True), <Event.TRANSMIT: 2>)","(Ray(pos=(-0.09, -0.61, 0.98), dir=(-0.02, 0.06, 1.00), nm=450.00, alive=True), <Event.ABSORB: 3>)"
"(Ray(pos=(-0.02, 1.57, 0.00), dir=(-0.26, 0.02, 0.96), nm=450.00, alive=True), <Event.GENERATE: 0>)","(Ray(pos=(-2.61, 1.75, 9.49), dir=(-0.26, 0.02, 0.96), nm=450.00, alive=True), <Event.EXIT: 6>)"
"(Ray(pos=(-0.02, -1.58, 0.00), dir=(0.10, -0.23, 0.97), nm=450.00, alive=True), <Event.GENERATE: 0>)","(Ray(pos=(0.09, -1.81, 0.97), dir=(0.06, -0.13, 0.99), nm=450.00, alive=True), <Event.TRANSMIT: 2>)","(Ray(pos=(0.09, -1.81, 0.98), dir=(0.06, -0.13, 0.99), nm=450.00, alive=True), <Event.ABSORB: 3>)"
"(Ray(pos=(-0.03, 1.37, 0.00), dir=(0.02, 0.28, 0.96), nm=450.00, alive=True), <Event.GENERATE: 0>)","(Ray(pos=(-0.00, 1.65, 0.97), dir=(0.02, 0.28, -0.96), nm=450.00, alive=True), <Event.REFLECT: 1>)","(Ray(pos=(0.25, 4.56, -8.89), dir=(0.02, 0.28, -0.96), nm=450.00, alive=True), <Event.EXIT: 6>)"
"(Ray(pos=(-0.05, -0.70, 0.00), dir=(0.08, 0.12, 0.99), nm=450.00, alive=True), <Event.GENERATE: 0>)","(Ray(pos=(0.03, -0.59, 0.97), dir=(0.04, 0.07, 1.00), nm=450.00, alive=True), <Event.TRANSMIT: 2>)","(Ray(pos=(0.03, -0.58, 1.02), dir=(0.81, 0.15, 0.56), nm=539.35, alive=True), <Event.EMIT: 5>)","(Ray(pos=(0.04, -0.58, 1.03), dir=(0.81, 0.15, -0.56), nm=539.35, alive=True), <Event.REFLECT: 1>)","(Ray(pos=(0.13, -0.56, 0.97), dir=(0.81, 0.15, 0.56), nm=539.35, alive=True), <Event.REFLECT: 1>)","(Ray(pos=(0.21, -0.55, 1.03), dir=(0.81, 0.15, -0.56), nm=539.35, alive=True), <Event.REFLECT: 1>)","(Ray(pos=(0.25, -0.54, 1.01), dir=(-0.81, 0.15, -0.56), nm=539.35, alive=True), <Event.REFLECT: 1>)","(Ray(pos=(0.20, -0.53, 0.97), dir=(-0.81, 0.15, 0.56), nm=539.35, alive=True), <Event.REFLECT: 1>)","(Ray(pos=(0.11, -0.52, 1.03), dir=(-0.81, 0.15, -0.56), nm=539.35, alive=True), <Event.REFLECT: 1>)","(Ray(pos=(0.03, -0.50, 0.97), dir=(-0.81, 0.15, 0.56), nm=539.35, alive=True), <Event.REFLECT: 1>)","(Ray(pos=(-0.06, -0.48, 1.03), dir=(-0.81, 0.15, -0.56), nm=539.35, alive=True), <Event.REFLECT: 1>)","(Ray(pos=(-0.15, -0.47, 0.97), dir=(-0.81, 0.15, 0.56), nm=539.35, alive=True), <Event.REFLECT: 1>)","(Ray(pos=(-0.23, -0.45, 1.03), dir=(-0.81, 0.15, -0.56), nm=539.35, alive=True), <Event.REFLECT: 1>)","(Ray(pos=(-0.25, -0.45, 1.02), dir=(0.81, 0.15, -0.56), nm=539.35, alive=True), <Event.REFLECT: 1>)","(Ray(pos=(-0.18, -0.44, 0.97), dir=(0.81, 0.15, 0.56), nm=539.35, alive=True), <Event.REFLECT: 1>)","(Ray(pos=(-0.09, -0.42, 1.03), dir=(0.81, 0.15, -0.56), nm=539.35, alive=True), <Event.REFLECT: 1>)","(Ray(pos=(-0.01, -0.40, 0.97), dir=(0.81, 0.15, 0.56), nm=539.35, alive=True), <Event.REFLECT: 1>)","(Ray(pos=(0.08, -0.39, 1.03), dir=(0.81, 0.15, -0.56), nm=539.35, alive=True), <Event.REFLECT: 1>)","(Ray(pos=(0.16, -0.37, 0.97), dir=(0.81, 0.15, 0.56), nm=539.35, alive=True), <Event.REFLECT: 1>)","(Ray(pos=(0.25, -0.36, 1.03), dir=(-0.81, 0.15, 0.56), nm=539.35, alive=True), <Event.REFLECT: 1>)","(Ray(pos=(0.25, -0.36, 1.03), dir=(-0.81, 0.15, -0.56), nm=539.35, alive=True), <Event.REFLECT: 1>)","(Ray(pos=(0.16, -0.34, 0.97), dir=(-0.81, 0.15, 0.56), nm=539.35, alive=True), <Event.REFLECT: 1>)","(Ray(pos=(0.08, -0.32, 1.03), dir=(-0.81, 0.15, -0.56), nm=539.35, alive=True), <Event.REFLECT: 1>)","(Ray(pos=(-0.01, -0.31, 0.97), dir=(-0.81, 0.15, 0.56), nm=539.35, alive=True), <Event.REFLECT: 1>)","(Ray(pos=(-0.10, -0.29, 1.03), dir=(-0.81, 0.15, -0.56), nm=539.35, alive=True), <Event.REFLECT: 1>)","(Ray(pos=(-0.18, -0.27, 0.97), dir=(-0.81, 0.15, 0.56), nm=539.35, alive=True), <Event.REFLECT: 1>)","(Ray(pos=(-0.25, -0.26, 1.02), dir=(0.81, 0.15, 0.56), nm=539.35, alive=True), <Event.REFLECT: 1>)","(Ray(pos=(-0.23, -0.26, 1.03), dir=(0.81, 0.15, -0.56), nm=539.35, alive=True), <Event.REFLECT: 1>)","(Ray(pos=(-0.14, -0.24, 0.97), dir=(0.81, 0.15, 0.56), nm=539.35, alive=True), <Event.REFLECT: 1>)","(Ray(pos=(-0.06, -0.23, 1.03), dir=(0.81, 0.15, -0.56), nm=539.35, alive=True), <Event.REFLECT: 1>)","(Ray(pos=(0.03, -0.21, 0.97), dir=(0.81, 0.15, 0.56), nm=539.35, alive=True), <Event.REFLECT: 1>)","(Ray(pos=(0.12, -0.19, 1.03), dir=(0.81, 0.15, -0.56), nm=539.35, alive=True), <Event.REFLECT: 1>)","(Ray(pos=(0.20, -0.18, 0.97), dir=(0.81, 0.15, 0.56), nm=539.35, alive=True), <Event.REFLECT: 1>)","(Ray(pos=(0.25, -0.17, 1.00), dir=(-0.81, 0.15, 0.56), nm=539.35, alive=True), <Event.REFLECT: 1>)","(Ray(pos=(0.21, -0.16, 1.03), dir=(-0.81, 0.15, -0.56), nm=539.35, alive=True), <Event.REFLECT: 1>)","(Ray(pos=(0.13, -0.15, 0.97), dir=(-0.81, 0.15, 0.56), nm=539.35, alive=True), <Event.REFLECT: 1>)","(Ray(pos=(0.04, -0.13, 1.03), dir=(-0.81, 0.15, -0.56), nm=539.35, alive=True), <Event.REFLECT: 1>)","(Ray(pos=(-0.05, -0.11, 0.97), dir=(-0.81, 0.15, 0.56), nm=539.35, alive=True), <Event.REFLECT: 1>)","(Ray(pos=(-0.13, -0.10, 1.03), dir=(-0.81, 0.15, -0.56), nm=539.35, alive=True), <Event.REFLECT: 1>)","(Ray(pos=(-0.22, -0.08, 0.97), dir=(-0.81, 0.15, 0.56), nm=539.35, alive=True), <Event.REFLECT: 1>)","(Ray(pos=(-0.25, -0.08, 0.99), dir=(0.81, 0.15, 0.56), nm=539.35, alive=True), <Event.REFLECT: 1>)","(Ray(pos=(-0.19, -0.07, 1.03), dir=(0.81, 0.15, -0.56), nm=539.35, alive=True), <Event.REFLECT: 1>)","(Ray(pos=(-0.11, -0.05, 0.97), dir=(0.81, 0.15, 0.56), nm=539.35, alive=True), <Event.REFLECT: 1>)","(Ray(pos=(-0.02, -0.03, 1.03), dir=(0.81, 0.15, -0.56), nm=539.35, alive=True), <Event.REFLECT: 1>)","(Ray(pos=(0.07, -0.02, 0.97), dir=(0.81, 0.15, 0.56), nm=539.35, alive=True), <Event.REFLECT: 1>)","(Ray(pos=(0.15, -0.00, 1.03), dir=(0.81, 0.15, -0.56), nm=539.35, alive=True), <Event.REFLECT: 1>)","(Ray(pos=(0.24, 0.01, 0.97), dir=(0.81, 0.15, 0.56), nm=539.35, alive=True), <Event.REFLECT: 1>)","(Ray(pos=(0.25, 0.02, 0.98), dir=(-0.81, 0.15, 0.56), nm=539.35, alive=True), <Event.REFLECT: 1>)","(Ray(pos=(0.18, 0.03, 1.03), dir=(-0.81, 0.15, -0.56), nm=539.35, alive=True), <Event.REFLECT: 1>)","(Ray(pos=(0.09, 0.05, 0.97), dir=(-0.81, 0.15, 0.56), nm=539.35, alive=True), <Event.REFLECT: 1>)","(Ray(pos=(0.00, 0.06, 1.03), dir=(-0.81, 0.15, -0.56), nm=539.35, alive=True), <Event.REFLECT: 1>)","(Ray(pos=(-0.08, 0.08, 0.97), dir=(-0.81, 0.15, 0.56), nm=539.35, alive=True), <Event.REFLECT: 1>)","(Ray(pos=(-0.17, 0.10, 1.03), dir=(-0.81, 0.15, -0.56), nm=539.35, alive=True), <Event.REFLECT: 1>)","(Ray(pos=(-0.25, 0.11, 0.98), dir=(0.81, 0.15, -0.56), nm=539.35, alive=True), <Event.REFLECT: 1>)","(Ray(pos=(-0.24, 0.11, 0.97), dir=(0.81, 0.15, 0.56), nm=539.35, alive=True), <Event.REFLECT: 1>)","(Ray(pos=(-0.16, 0.13, 1.03), dir=(0.81, 0.15, -0.56), nm=539.35, alive=True), <Event.REFLECT: 1>)","(Ray(pos=(-0.07, 0.14, 0.97), dir=(0.81, 0.15, 0.56), nm=539.35, alive=True), <Event.REFLECT: 1>)","(Ray(pos=(0.02, 0.16, 1.03), dir=(0.81, 0.15, -0.56), nm=539.35, alive=True), <Event.REFLECT: 1>)","(Ray(pos=(0.10, 0.18, 0.97), dir=(0.81, 0.15, 0.56), nm=539.35, alive=True), <Event.REFLECT: 1>)","(Ray(pos=(0.19, 0.19, 1.03), dir=(0.81, 0.15, -0.56), nm=539.35, alive=True), <Event.REFLECT: 1>)","(Ray(pos=(0.25, 0.20, 0.99), dir=(-0.81, 0.15, -0.56), nm=539.35, alive=True), <Event.REFLECT: 1>)","(Ray(pos=(0.22, 0.21, 0.97), dir=(-0.81, 0.15, 0.56), nm=539.35, alive=True), <Event.REFLECT: 1>)","(Ray(pos=(0.14, 0.22, 1.03), dir=(-0.81, 0.15, -0.56), nm=539.35, alive=True), <Event.REFLECT: 1>)","(Ray(pos=(0.05, 0.24, 0.97), dir=(-0.81, 0.15, 0.56), nm=539.35, alive=True), <Event.REFLECT: 1>)","(Ray(pos=(-0.03, 0.26, 1.03), dir=(-0.81, 0.15, -0.56), nm=539.35, alive=True), <Event.REFLECT: 1>)","(Ray(pos=(-0.12, 0.27, 0.97), dir=(-0.81, 0.15, 0.56), nm=539.35, alive=True), <Event.REFLECT: 1>)","(Ray(pos=(-0.21, 0.29, 1.03), dir=(-0.81, 0.15, -0.56), nm=539.35, alive=True), <Event.REFLECT: 1>)","(Ray(pos=(-0.25, 0.30, 1.00), dir=(0.81, 0.15, -0.56), nm=539.35, alive=True), <Event.REFLECT: 1>)","(Ray(pos=(-0.21, 0.30, 0.97), dir=(0.81, 0.15, 0.56), nm=539.35, alive=True), <Event.REFLECT: 1>)","(Ray(pos=(-0.12, 0.32, 1.03), dir=(0.81, 0.15, -0.56), nm=539.35, alive=True), <Event.REFLECT: 1>)","(Ray(pos=(-0.03, 0.34, 0.97), dir=(0.81, 0.15, 0.56), nm=539.35, alive=True), <Event.REFLECT: 1>)","(Ray(pos=(0.05, 0.35, 1.03), dir=(0.81, 0.15, -0.56), nm=539.35, alive=True), <Event.REFLECT: 1>)","(Ray(pos=(0.14, 0.37, 0.97), dir=(0.81, 0.15, 0.56), nm=539.35, alive=True), <Event.REFLECT: 1>)","(Ray(pos=(0.23, 0.38, 1.03), dir=(0.81, 0.15, -0.56), nm=539.35, alive=True), <Event.REFLECT: 1>)","(Ray(pos=(0.25, 0.39, 1.01), dir=(-0.81, 0.15, -0.56), nm=539.35, alive=True), <Event.REFLECT: 1>)","(Ray(pos=(0.19, 0.40, 0.97), dir=(-0.81, 0.15, 0.56), nm=539.35, alive=True), <Event.REFLECT: 1>)","(Ray(pos=(0.10, 0.42, 1.03), dir=(-0.81, 0.15, -0.56), nm=539.35, alive=True), <Event.REFLECT: 1>)","(Ray(pos=(0.02, 0.43, 0.97), dir=(-0.81, 0.15, 0.56), nm=539.35, alive=True), <Event.REFLECT: 1>)","(Ray(pos=(-0.07, 0.45, 1.03), dir=(-0.81, 0.15, -0.56), nm=539.35, alive=True), <Event.REFLECT: 1>)","(Ray(pos=(-0.16, 0.47, 0.97), dir=(-0.81, 0.15, 0.56), nm=539.35, alive=True), <Event.REFLECT: 1>)","(Ray(pos=(-0.24, 0.48, 1.03), dir=(-0.81, 0.15, -0.56), nm=539.35, alive=True), <Event.REFLECT: 1>)","(Ray(pos=(-0.25, 0.48, 1.03), dir=(0.81, 0.15, -0.56), nm=539.35, alive=True), <Event.REFLECT: 1>)","(Ray(pos=(-0.17, 0.50, 0.97), dir=(0.81, 0.15, 0.56), nm=539.35, alive=True), <Event.REFLECT: 1>)","(Ray(pos=(-0.08, 0.51, 1.03), dir=(0.81, 0.15, -0.56), nm=539.35, alive=True), <Event.REFLECT: 1>)","(Ray(pos=(0.00, 0.53, 0.97), dir=(0.81, 0.15, 0.56), nm=539.35, alive=True), <Event.REFLECT: 1>)","(Ray(pos=(0.09, 0.55, 1.03), dir=(0.81, 0.15, -0.56), nm=539.35, alive=True), <Event.REFLECT: 1>)","(Ray(pos=(0.18, 0.56, 0.97), dir=(0.81, 0.15, 0.56), nm=539.35, alive=True), <Event.REFLECT: 1>)","(Ray(pos=(0.25, 0.58, 1.02), dir=(-0.81, 0.15, 0.56), nm=539.35, alive=True), <Event.REFLECT: 1>)","(Ray(pos=(0.24, 0.58, 1.03), dir=(-0.81, 0.15, 0.56), nm=539.35, alive=True), <Event.ABSORB: 3>)"
"(Ray(pos=(0.03, -0.94, 0.00), dir=(0.15, -0.02, 0.99), nm=450.00, alive=True), <Event.GENERATE: 0>)","(Ray(pos=(0.18, -0.96, 0.97), dir=(0.08, -0.01, 1.00), nm=450.00, alive=True), <Event.TRANSMIT: 2>)","(Ray(pos=(0.18, -0.96, 1.01), dir=(0.08, -0.01, 1.00), nm=450.00, alive=True), <Event.ABSORB: 3>)"
"(Ray(pos=(-0.02, 1.90, 0.00), dir=(0.33, -0.11, 0.94), nm=450.00, alive=True), <Event.GENERATE: 0>)","(Ray(pos=(3.26, 0.75, 9.42), dir=(0.33, -0.11, 0.94), nm=450.00, alive=True), <Event.EXIT: 6>)"
"(Ray(pos=(0.00, 1.96, 0.00), dir=(-0.11, -0.18, 0.98), nm=450.00, alive=True), <Event.GENERATE: 0>)","(Ray(pos=(-0.11, 1.78, 0.97), dir=(-0.06, -0.10, 0.99), nm=450.00, alive=True), <Event.TRANSMIT: 2>)","(Ray(pos=(-0.11, 1.77, 1.02), dir=(-0.06, -0.10, 0.99), nm=450.00, alive=True), <Event.ABSORB: 3>)"
"(Ray(pos=(0.04, 1.42, 0.00), dir=(-0.23, 0.02, 0.97), nm=450.00, alive=True), <Event.GENERATE: 0>)","(Ray(pos=(-0.19, 1.44, 0.97), dir=(-0.13, 0.01, 0.99), nm=450.00, alive=True), <Event.TRANSMIT: 2>)","(Ray(pos=(-0.19, 1.44, 0.97), dir=(-0.39, -0.92, -0.05), nm=523.00, alive=True), <Event.EMIT: 5>)","(Ray(pos=(-0.20, 1.40, 0.97), dir=(-0.39, -0.92, 0.05), nm=523.00, alive=True), <Event.REFLECT: 1>)","(Ray(pos=(-0.25, 1.29, 0.98), dir=(0.39, -0.92, 0.05), nm=523.00, alive=True), <Event.REFLECT: 1>)","(Ray(pos=(0.13, 0.38, 1.03), dir=(0.39, -0.92, -0.05), nm=523.00, alive=True), <Event.REFLECT: 1>)","(Ray(pos=(0.25, 0.11, 1.01), dir=(-0.39, -0.92, -0.05), nm=523.00, alive=True), <Event.REFLECT: 1>)","(Ray(pos=(0.19, -0.03, 1.01), dir=(-0.39, -0.92, -0.05), nm=523.00, alive=True), <Event.ABSORB: 3>)"
"(Ray(pos=(0.03, -1.72, 0.00), dir=(0.23, 0.18, 0.96), nm=450.00, alive=True), <Event.GENERATE: 0>)","(Ray(pos=(2.33, 0.09, 9.72), dir=(0.23, 0.18, 0.96), nm=450.00, alive=True), <Event.EXIT: 6>)"
"(Ray(pos=(-0.02, 1.57, 0.00), dir=(0.07, -0.27, 0.96), nm=450.00, alive=True), <Event.GENERATE: 0>)","(Ray(pos=(0.05, 1.30, 0.97), dir=(0.04, -0.15, 0.99), nm=450.00, alive=True), <Event.TRANSMIT: 2>)","(Ray(pos=(0.05, 1.29, 0.99), dir=(0.04, -0.15, 0.99), nm=450.00, alive=True), <Event.ABSORB: 3>)"
"(Ray(pos=(-0.01, -1.14, 0.00), dir=(-0.16, 0.02, 0.99), nm=450.00, alive=True), <Event.GENERATE: 0>)","(Ray(pos=(-0.16, -1.12, 0.97), dir=(-0.08, 0.01, 1.00), nm=450.00, alive=True), <Event.TRANSMIT: 2>)","(Ray(pos=(-0.16, -1.12, 0.98), dir=(-0.08, 0.01, 1.00), nm=450.00, alive=True), <Event.ABSORB: 3>)"
"(Ray(pos=(-0.01, -1.05, 0.00), dir=(0.00, -0.19, 0.98), nm=450.00, alive=True), <Event.GENERATE: 0>)","(Ray(pos=(-0.01, -1.24, 0.97), dir=(0.00, -0.11, 0.99), nm=450.00, alive=True), <Event.TRANSMIT: 2>)","(Ray(pos=(-0.01, -1.25, 1.03), dir=(0.00, -0.19, 0.98), nm=450.00, alive=True), <Event.TRANSMIT: 2>)","(Ray(pos=(0.01, -2.94, 9.56), dir=(0.00, -0.19, 0.98), nm=450.00, alive=True), <Event.EXIT: 6>)"
"(Ray(pos=(-0.03, -1.88, 0.00), dir=(0.19, -0.20, 0.96), nm=450.00, alive=True), <Event.GENERATE: 0>)","(Ray(pos=(0.17, -2.08, 0.97), dir=(0.11, -0.11, 0.99), nm=450.00, alive=True), <Event.TRANSMIT: 2>)","(Ray(pos=(0.17, -2.08, 0.98), dir=(0.11, -0.11, 0.99), nm=450.00, alive=True), <Event.ABSORB: 3>)"
"(Ray(pos=(-0.04, 0.53, 0.00), dir=(0.15, 0.04, 0.99), nm=450.00, alive=True), <Event.GENERATE: 0>)","(Ray(pos=(0.11, 0.56, 0.97), dir=(0.08, 0.02, 1.00), nm=450.00, alive=True), <Event.TRANSMIT: 2>)","(Ray(pos=(0.11, 0.56, 1.00), dir=(0.08, 0.02, 1.00), nm=450.00, alive=True), <Event.ABSORB: 3>)"
"(Ray(pos=(-0.03, -1.92, 0.00), dir=(-0.10, 0.35, 0.93), nm=450.00, alive=True), <Event.GENERATE: 0>)","(Ray(pos=(-0.13, -1.56, 0.97), dir=(-0.05, 0.19, 0.98), nm=450.00, alive=True), <Event.TRANSMIT: 2>)","(Ray(pos=(-0.13, -1.55, 1.01), dir=(-0.05, 0.19, 0.98), nm=450.00, alive=True), <Event.ABSORB: 3>)"
"(Ray(pos=(-0.03, -0.98, 0.00), dir=(0.05, -0.21, 0.98), nm=450.00, alive=True), <Event.GENERATE: 0>)","(Ray(pos=(0.02, -1.19, 0.97), dir=(0.03, -0.12, 0.99), nm=450.00, alive=True), <Event.TRANSMIT: 2>)","(Ray(pos=(0.02, -1.19, 0.99), dir=(0.03, -0.12, 0.99), nm=450.00, alive=True), <Event.ABSORB: 3>)"
"(Ray(pos=(0.00, -1.65, 0.00), dir=(-0.34, 0.07, 0.94), nm=450.00, alive=True), <Event.GENERATE: 0>)","(Ray(pos=(-3.37, -0.96, 9.37), dir=(-0.34, 0.07, 0.94), nm=450.00, alive=True), <Event.EXIT: 6>)"
"(Ray(pos=(0.04, -0.73, 0.00), dir=(0.26, -0.15, 0.95), nm=450.00, alive=True), <Event.GENERATE: 0>)","(Ray(pos=(2.64, -2.20, 9.39), dir=(0.26, -0.15, 0.95), nm=450.00, alive=True), <Event.EXIT: 6>)"
"(Ray(pos=(0.04, -0.68, 0.00), dir=(0.12, 0.36, 0.93), nm=450.00, alive=True), <Event.GENERATE: 0>)","(Ray(pos=(0.17, -0.30, 0.97), dir=(0.06, 0.20, 0.98), nm=450.00, alive=True), <Event.TRANSMIT: 2>)","(Ray(pos=(0.17, -0.30, 1.00), dir=(0.06, 0.20, 0.98), nm=450.00, alive=True), <Event.ABSORB: 3>)"
"(Ray(pos=(-0.03, 0.99, 0.00), dir=(0.30, -0.03, 0.95), nm=450.00, alive=True), <Event.GENERATE: 0>)","(Ray(pos=(2.98, 0.71, 9.52), dir=(0.30, -0.03, 0.95), nm=450.00, alive=True), <Event.EXIT: 6>)"
"(Ray(pos=(0.05, -1.22, 0.00), dir=(-0.18, 0.04, 0.98), nm=450.00, alive=True), <Event.GENERATE: 0>)","(Ray(pos=(-0.13, -1.18, 0.97), dir=(-0.10, 0.02, 1.00), nm=450.00, alive=True), <Event.TRANSMIT: 2>)","(Ray(pos=(-0.13, -1.18, 0.98), dir=(-0.10, 0.02, 1.00), nm=450.00, alive=True), <Event.ABSORB: 3>)"
"(Ray(pos=(-0.03, 1.18, 0.00), dir=(0.09, -0.26, 0.96), nm=450.00, alive=True), <Event.GENERATE: 0>)","(Ray(pos=(0.06, 0.92, 0.97), dir=(0.09, -0.26, -0.96), nm=450.00, alive=True), <Event.REFLECT: 1>)","(Ray(pos=(1.08, -2.00, -9.74), dir=(0.09, -0.26, -0.96), nm=450.00, alive=True), <Event.EXIT: 6>)"
"(Ray(pos=(-0.03, 0.62, 0.00), dir=(-0.12, 0.23, 0.97), nm=450.00, alive=True), <Event.GENERATE: 0>)","(Ray(pos=(-0.15, 0.86, 0.97), dir=(-0.07, 0.13, 0.99), nm=450.00, alive=True), <Event.TRANSMIT: 2>)","(Ray(pos=(-0.15, 0.86, 0.99), dir=(-0.07, 0.13, 0.99), nm=450.00, alive=True), <Event.ABSORB: 3>)"
"(Ray(pos=(-0.04, -1.68, 0.00), dir=(0.09, -0.22, 0.97), nm=450.00, alive=True), <Event.GENERATE: 0>)","(Ray(pos=(0.05, -1.91, 0.97), dir=(0.05, -0.12, 0.99), nm=450.00, alive=True), <Event.TRANSMIT: 2>)","(Ray(pos=(0.05, -1.91, 1.00), dir=(0.05, -0.12, 0.99), nm=450.00, alive=True), <Event.ABSORB: 3>)"
"(Ray(pos=(-0.03, 1.63, 0.00), dir=(-0.21, 0.08, 0.97), nm=450.00, alive=True), <Event.GENERATE: 0>)","(Ray(pos=(-0.24, 1.71, 0.97), dir=(-0.21, 0.08, -0.97), nm=450.00, alive=True), <Event.REFLECT: 1>)","(Ray(pos=(-2.44, 2.60, -9.34), dir=(-0.21, 0.08, -0.97), nm=450.00, alive=True), <Event.EXIT: 6>)"
"(Ray(pos=(-0.04, -0.45, 0.00), dir=(-0.08, 0.16, 0.98), nm=450.00, alive=True), <Event.GENERATE: 0>)","(Ray(pos=(-0.12, -0.30, 0.97), dir=(-0.04, 0.09, 1.00), nm=450.00, alive=True), <Event.TRANSMIT: 2>)","(Ray(pos=(-0.12, -0.30, 0.98), dir=(-0.04, 0.09, 1.00), nm=450.00, alive=True), <Event.ABSORB: 3>)"
"(Ray(pos=(-0.01, -0.90, 0.00), dir=(-0.12, -0.22, 0.97), nm=450.00, alive=True), <Event.GENERATE: 0>)","(Ray(pos=(-0.13, -1.12, 0.97), dir=(-0.07, -0.12, 0.99), nm=450.00, alive=True), <Event.TRANSMIT: 2>)","(Ray(pos=(-0.13, -1.12, 0.99), dir=(-0.07, -0.12, 0.99), nm=450.00, alive=True), <Event.ABSORB: 3>)"
"(Ray(pos=(0.02, -1.54, 0.00), dir=(0.36, 0.12, 0.93), nm=450.00, alive=True), <Event.GENERATE: 0>)","(Ray(pos=(3.63, -0.30, 9.31), dir=(0.36, 0.12, 0.93), nm=450.00, alive=True), <Event.EXIT: 6>)"
"(Ray(pos=(0.01, 0.44, 0.00), dir=(0.27, -0.08, 0.96), nm=450.00, alive=True), <Event.GENERATE: 0>)","(Ray(pos=(2.69, -0.32, 9.63), dir=(0.27, -0.08, 0.96), nm=450.00, alive=True), <Event.EXIT: 6>)"
"(Ray(pos=(0.01, 0.54, 0.00), dir=(-0.10, -0.11, 0.99), nm=450.00, alive=True), <Event.GENERATE: 0>)","(Ray(pos=(-0.09, 0.43, 0.97), dir=(-0.06, -0.06, 1.00), nm=450.00, alive=True), <Event.TRANSMIT: 2>)","(Ray(pos=(-0.09, 0.43, 0.97), dir=(-0.06, -0.06, 1.00), nm=450.00, alive=True), <Event.ABSORB: 3>)"
"(Ray(pos=(0.03, 0.96, 0.00), dir=(-0.17, -0.01, 0.99), nm=450.00, alive=True), <Event.GENERATE: 0>)","(Ray(pos=(-0.14, 0.96, 0.97), dir=(-0.09, -0.00, 1.00), nm=450.00, alive=True), <Event.TRANSMIT: 2>)","(Ray(pos=(-0.14, 0.96, 1.00), dir=(-0.09, -0.00, 1.00), nm=450.00, alive=True), <Event.ABSORB: 3>)"
"(Ray(pos=(-0.02, 1.76, 0.00), dir=(-0.17, -0.26, 0.95), nm=450.00, alive=True), <Event.GENERATE: 0>)","(Ray(pos=(-0.20, 1.49, 0.97), dir=(-0.10, -0.14, 0.99), nm=450.00, alive=True), <Event.TRANSMIT: 2>)","(Ray(pos=(-0.21, 1.49, 1.00), dir=(-0.10, -0.14, 0.99), nm=450.00, alive=True), <Event.ABSORB: 3>)"
"(Ray(pos=(-0.05, 1.86, 0.00), dir=(-0.12, 0.22, 0.97), nm=450.00, alive=True), <Event.GENERATE: 0>)","(Ray(pos=(-0.17, 2.08, 0.97), dir=(-0.07, 0.12, 0.99), nm=450.00, alive=True), <Event.TRANSMIT: 2>)","(Ray(pos=(-0.18, 2.09, 1.02), dir=(-0.07, 0.12, 0.99), nm=450.00, alive=True), <Event.ABSORB: 3>)"
"(Ray(pos=(-0.02, -0.01, 0.00), dir=(-0.27, -0.11, 0.96), nm=450.00, alive=True), <Event.GENERATE: 0>)","(Ray(pos=(-2.75, -1.14, 9.55), dir=(-0.27, -0.11, 0.96), nm=450.00, alive=True), <Event.EXIT: 6>)"
"(Ray(pos=(0.02, 1.14, 0.00), dir=(0.06, -0.20, 0.98), nm=450.00, alive=True), <Event.GENERATE: 0>)","(Ray(pos=(0.07, 0.94, 0.97), dir=(0.03, -0.11, 0.99), nm=450.00, alive=True), <Event.TRANSMIT: 2>)","(Ray(pos=(0.07, 0.94, 0.98), dir=(0.03, -0.11, 0.99), nm=450.00, alive=True), <Event.ABSORB: 3>)"
"(Ray(pos=(-0.01, -0.82, 0.00), dir=(0.19, 0.06, 0.98), nm=450.00, alive=True), <Event.GENERATE: 0>)","(Ray(pos=(0.18, -0.77, 0.97), dir=(0.10, 0.03, 0.99), nm=450.00, alive=True), <Event.TRANSMIT: 2>)","(Ray(pos=(0.18, -0.76, 0.98), dir=(0.10, 0.03, 0.99), nm=450.00, alive=True), <Event.ABSORB: 3>)"
"(Ray(pos=(0.01, -1.86, 0.00), dir=(-0.05, 0.14, 0.99), nm=450.00, alive=True), <Event.GENERATE: 0>)","(Ray(pos=(-0.04, -1.73, 0.97), dir=(-0.03, 0.07, 1.00), nm=450.00, alive=True), <Event.TRANSMIT: 2>)","(Ray(pos=(-0.05, -1.73, 0.99), dir=(-0.03, 0.07, 1.00), nm=450.00, alive=True), <Event.ABSORB: 3>)"
"(Ray(pos=(-0.04, -0.68, 0.00), dir=(-0.04, 0.10, 0.99), nm=450.00, alive=True), <Event.GENERATE: 0>)","(Ray(pos=(-0.08, -0.58, 0.97), dir=(-0.02, 0.05, 1.00), nm=450.00, alive=True), <Event.TRANSMIT: 2>)","(Ray(pos=(-0.08, -0.58, 1.01), dir=(-0.02, 0.05, 1.00), nm=450.00, alive=True), <Event.ABSORB: 3>)"
"(Ray(pos=(-0.00, -0.89, 0.00), dir=(0.24, -0.29, 0.92), nm=450.00, alive=True), <Event.GENERATE: 0>)","(Ray(pos=(0.25, -1.20, 0.97), dir=(0.13, -0.16, 0.98), nm=450.00, alive=True), <Event.TRANSMIT: 2>)","(Ray(pos=(0.25, -1.20, 0.99), dir=(-0.13, -0.16, 0.98), nm=450.00, alive=True), <Event.REFLECT: 1>)","(Ray(pos=(0.25, -1.21, 1.00), dir=(-0.13, -0.16, 0.98), nm=450.00, alive=True), <Event.ABSORB: 3>)"
"(Ray(pos=(-0.01, 0.80, 0.00), dir=(0.12, -0.07, 0.99), nm=450.00, alive=True), <Event.GENERATE: 0>)","(Ray(pos=(0.11, 0.73, 0.97), dir=(0.07, -0.04, 1.00), nm=450.00, alive=True), <Event.TRANSMIT: 2>)","(Ray(pos=(0.12, 0.73, 1.01), dir=(0.07, -0.04, 1.00), nm=450.00, alive=True), <Event.ABSORB: 3>)"
"(Ray(pos=(-0.04, -0.83, 0.00), dir=(-0.26, -0.03, 0.96), nm=450.00, alive=True), <Event.GENERATE: 0>)","(Ray(pos=(-2.66, -1.10, 9.58), dir=(-0.26, -0.03, 0.96), nm=450.00, alive=True), <Event.EXIT: 6>)"
"(Ray(pos=(-0.05, -1.22, 0.00), dir=(0.05, -0.13, 0.99), nm=450.00, alive=True), <Event.GENERATE: 0>)","(Ray(pos=(-0.00, -1.35, 0.97), dir=(0.02, -0.07, 1.00), nm=450.00, alive=True), <Event.TRANSMIT: 2>)","(Ray(pos=(-0.00, -1.35, 1.00), dir=(0.02, -0.07, 1.00), nm=450.00, alive=True), <Event.ABSORB: 3>)"
"(Ray(pos=(0.03, -0.50, 0.00), dir=(0.04, 0.15, 0.99), nm=450.00, alive=True), <Event.GENERATE: 0>)","(Ray(pos=(0.07, -0.36, 0.97), dir=(0.04, 0.15, -0.99), nm=450.00, alive=True), <Event.REFLECT: 1>)","(Ray(pos=(0.50, 1.29, -9.90), dir=(0.04, 0.15, -0.99), nm=450.00, alive=True), <Event.EXIT: 6>)"
"(Ray(pos=(-0.03, -1.93, 0.00), dir=(-0.08, 0.06, 0.99), nm=450.00, alive=True), <Event.GENERATE: 0>)","(Ray(pos=(-0.11, -1.87, 0.97), dir=(-0.05, 0.03, 1.00), nm=450.00, alive=True), <Event.TRANSMIT: 2>)","(Ray(pos=(-0.11, -1.87, 0.98), dir=(-0.05, 0.03, 1.00), nm=450.00, alive=True), <Event.ABSORB: 3>)"
"(Ray(pos=(-0.01, -0.99, 0.00), dir=(-0.06, -0.02, 1.00), nm=450.00, alive=True), <Event.GENERATE: 0>)","(Ray(pos=(-0.07, -1.00, 0.97), dir=(-0.03, -0.01, 1.00), nm=450.00, alive=True), <Event.TRANSMIT: 2>)","(Ray(pos=(-0.07, -1.00, 1.00), dir=(-0.03, -0.01, 1.00), nm=450.00, alive=True), <Event.ABSORB: 3>)"
"(Ray(pos=(-0.00, 1.61, 0.00), dir=(-0.01, 0.02, 1.00), nm=450.00, alive=True), <Event.GENERATE: 0>)","(Ray(pos=(-0.01, 1.62, 0.97), dir=(-0.01, 0.01, 1.00), nm=450.00, alive=True), <Event.TRANSMIT: 2>)","(Ray(pos=(-0.01, 1.62, 0.99), dir=(-0.01, 0.01, 1.00), nm=450.00, alive=True), <Event.ABSORB: 3>)"
"(Ray(pos=(0.05, -0.11, 0.00), dir=(0.29, 0.11, 0.95), nm=450.00, alive=True), <Event.GENERATE: 0>)","(Ray(pos=(2.98, 1.01, 9.49), dir=(0.29, 0.11, 0.95), nm=450.00, alive=True), <Event.EXIT: 6>)"
"(Ray(pos=(0.03, -1.22, 0.00), dir=(0.12, 0.18, 0.98), nm=450.00, alive=True), <Event.GENERATE: 0>)","(Ray(pos=(0.15, -1.04, 0.97), dir=(0.07, 0.10, 0.99), nm=450.00, alive=True), <Event.TRANSMIT: 2>)","(Ray(pos=(0.15, -1.03, 1.03), dir=(0.12, 0.18, 0.98), nm=450.00, alive=True), <Event.TRANSMIT: 2>)","(Ray(pos=(1.25, 0.64, 9.90), dir=(0.12, 0.18, 0.98), nm=450.00, alive=True), <Event.EXIT: 6>)"
"(Ray(pos=(0.02, 0.21, 0.00), dir=(-0.34, -0.09, 0.93), nm=450.00, alive=True), <Event.GENERATE: 0>)","(Ray(pos=(-3.41, -0.71, 9.37), dir=(-0.34, -0.09, 0.93), nm=450.00, alive=True), <Event.EXIT: 6>)"
"(Ray(pos=(0.00, -0.70, 0.00), dir=(0.24, -0.27, 0.93), nm=450.00, alive=True), <Event.GENERATE: 0>)","(Ray(pos=(2.36, -3.37, 9.11), dir=(0.24, -0.27, 0.93), nm=450.00, alive=True), <Event.EXIT: 6>)"
"(Ray(pos=(0.01, 1.25, 0.00), dir=(-0.13, -0.07, 0.99), nm=450.00, alive=True), <Event.GENERATE: 0>)","(Ray(pos=(-0.12, 1.18, 0.97), dir=(-0.13, -0.07, -0.99), nm=450.00, alive=True), <Event.REFLECT: 1>)","(Ray(pos=(-1.56, 0.42, -9.87), dir=(-0.13, -0.07, -0.99), nm=450.00, alive=True), <Event.EXIT: 6>)"
"(Ray(pos=(0.03, -0.31, 0.00), dir=(0.22, -0.14, 0.97), nm=450.00, alive=True), <Event.GENERATE: 0>)","(Ray(pos=(2.24, -1.68, 9.60), dir=(0.22, -0.14, 0.97), nm=450.00, alive=True), <Event.EXIT: 6>)"
"(Ray(pos=(0.04, 1.69, 0.00), dir=(0.30, 0.23, 0.93), nm=450.00, alive=True), <Event.GENERATE: 0>)","(Ray(pos=(2.86, 3.90, 8.76), dir=(0.30, 0.23, 0.93), nm=450.00, alive=True), <Event.EXIT: 6>)"
"(Ray(pos=(0.02, -0.60, 0.00), dir=(0.18, 0.14, 0.97), nm=450.00, alive=True), <Event.GENERATE: 0>)","(Ray(pos=(0.20, -0.46, 0.97), dir=(0.10, 0.08, 0.99), nm=450.00, alive=True), <Event.TRANSMIT: 2>)","(Ray(pos=(0.21, -0.46, 0.99), dir=(0.10, 0.08, 0.99), nm=450.00, alive=True), <Event.ABSORB: 3>)"
"(Ray(pos=(-0.01, -1.26, 0.00), dir=(0.15, 0.20, 0.97), nm=450.00, alive=True), <Event.GENERATE: 0>)","(Ray(pos=(0.14, -1.05, 0.97), dir=(0.08, 0.11, 0.99), nm=450.00, alive=True), <Event.TRANSMIT: 2>)","(Ray(pos=(0.15, -1.05, 1.03), dir=(0.15, 0.20, 0.97), nm=450.00, alive=True), <Event.TRANSMIT: 2>)","(Ray(pos=(1.52, 0.82, 9.85), dir=(0.15, 0.20, 0.97), nm=450.00, alive=True), <Event.EXIT: 6>)"
"(Ray(pos=(-0.04, -1.03, 0.00), dir=(-0.32, -0.04, 0.95), nm=450.00, alive=True), <Event.GENERATE: 0>)","(Ray(pos=(-3.17, -1.45, 9.37), dir=(-0.32, -0.04, 0.95), nm=450.00, alive=True), <Event.EXIT: 6>)"
"(Ray(pos=(-0.01, 1.77, 0.00), dir=(0.28, 0.21, 0.94), nm=450.00, alive=True), <Event.GENERATE: 0>)","(Ray(pos=(2.70, 3.73, 8.88), dir=(0.28, 0.21, 0.94), nm=450.00, alive=True), <Event.EXIT: 6>)"
"(Ray(pos=(-0.05, 1.55, 0.00), dir=(0.26, -0.03, 0.97), nm=450.00, alive=True), <Event.GENERATE: 0>)","(Ray(pos=(0.21, 1.52, 0.97), dir=(0.26, -0.03, -0.97), nm=450.00, alive=True), <Event.REFLECT: 1>)","(Ray(pos=(2.98, 1.24, -9.47), dir=(0.26, -0.03, -0.97), nm=450.00, alive=True), <Event.EXIT: 6>)"
"(Ray(pos=(0.01, 0.78, 0.00), dir=(0.28, -0.17, 0.94), nm=450.00, alive=True), <Event.GENERATE: 0>)","(Ray(pos=(2.88, -0.93, 9.53), dir=(0.28, -0.17, 0.94), nm=450.00, alive=True), <Event.EXIT: 6>)"
"(Ray(pos=(-0.01, 1.98, 0.00), dir=(-0.28, 0.16, 0.95), nm=450.00, alive=True), <Event.GENERATE: 0>)","(Ray(pos=(-2.62, 3.52, 8.98), dir=(-0.28, 0.16, 0.95), nm=450.00, alive=True), <Event.EXIT: 6>)"
"(Ray(pos=(0.04, -1.43, 0.00), dir=(0.08, -0.19, 0.98), nm=450.00, alive=True), <Event.GENERATE: 0>)","(Ray(pos=(0.12, -1.62, 0.97), dir=(0.04, -0.10, 0.99), nm=450.00, alive=True), <Event.TRANSMIT: 2>)","(Ray(pos=(0.12, -1.62, 0.97), dir=(0.04, -0.10, 0.99), nm=450.00, alive=True), <Event.ABSORB: 3>)"
"(Ray(pos=(-0.04, -1.45, 0.00), dir=(0.35, -0.10, 0.93), nm=450.00, alive=True), <Event.GENERATE: 0>)","(Ray(pos=(3.38, -2.41, 9.10), dir=(0.35, -0.10, 0.93), nm=450.00, alive=True), <Event.EXIT: 6>)"
"(Ray(pos=(0.00, -1.18, 0.00), dir=(0.31, -0.07, 0.95), nm=450.00, alive=True), <Event.GENERATE: 0>)","(Ray(pos=(3.03, -1.82, 9.36), dir=(0.31, -0.07, 0.95), nm=450.00, alive=True), <Event.EXIT: 6>)"
"(Ray(pos=(0.03, -1.62, 0.00), dir=(0.19, 0.31, 0.93), nm=450.00, alive=True), <Event.GENERATE: 0>)","(Ray(pos=(0.23, -1.30, 0.97), dir=(0.10, 0.17, 0.98), nm=450.00, alive=True), <Event.TRANSMIT: 2>)","(Ray(pos=(0.23, -1.30, 0.97), dir=(0.10, 0.17, 0.98), nm=450.00, alive=True), <Event.ABSORB: 3>)"
"(Ray(pos=(0.01, -0.88, 0.00), dir=(-0.30, 0.03, 0.95), nm=450.00, alive=True), <Event.GENERATE: 0>)","(Ray(pos=(-2.98, -0.57, 9.53), dir=(-0.30, 0.03, 0.95), nm=450.00, alive=True), <Event.EXIT: 6>)"
"(Ray(pos=(-0.04, -1.54, 0.00), dir=(-0.11, 0.22, 0.97), nm=450.00, alive=True), <Event.GENERATE: 0>)","(Ray(pos=(-0.15, -1.32, 0.97), dir=(-0.06, 0.12, 0.99), nm=450.00, alive=True), <Event.TRANSMIT: 2>)","(Ray(pos=(-0.15, -1.32, 0.98), dir=(-0.06, 0.12, 0.99), nm=450.00, alive=True), <Event.ABSORB: 3>)"
"(Ray(pos=(0.05, 0.52, 0.00), dir=(-0.06, 0.07, 1.00), nm=450.00, alive=True), <Event.GENERATE: 0>)","(Ray(pos=(-0.01, 0.59, 0.97), dir=(-0.03, 0.04, 1.00), nm=450.00, alive=True), <Event.TRANSMIT: 2>)","(Ray(pos=(-0.01, 0.59, 0.97), dir=(-0.03, 0.04, 1.00), nm=450.00, alive=True), <Event.ABSORB: 3>)"
"(Ray(pos=(0.04, 1.16, 0.00), dir=(0.12, 0.23, 0.97), nm=450.00, alive=True), <Event.GENERATE: 0>)","(Ray(pos=(0.16, 1.39, 0.97), dir=(0.07, 0.12, 0.99), nm=450.00, alive=True), <Event.TRANSMIT: 2>)","(Ray(pos=(0.16, 1.39, 1.00), dir=(0.07, 0.12, 0.99), nm=450.00, alive=True), <Event.ABSORB: 3>)"
"(Ray(pos=(-0.01, -1.96, 0.00), dir=(0.03, -0.10, 0.99), nm=450.00, alive=True), <Event.GENERATE: 0>)","(Ray(pos=(0.02, -2.06, 0.97), dir=(0.01, -0.06, 1.00), nm=450.00, alive=True), <Event.TRANSMIT: 2>)","(Ray(pos=(0.02, -2.06, 1.01), dir=(0.01, -0.06, 1.00), nm=450.00, alive=True), <Event.ABSORB: 3>)"
"(Ray(pos=(-0.01, -1.79, 0.00), dir=(0.09, 0.32, 0.94), nm=450.00, alive=True), <Event.GENERATE: 0>)","(Ray(pos=(0.08, -1.46, 0.97), dir=(0.05, 0.18, 0.98), nm=450.00, alive=True), <Event.TRANSMIT: 2>)","(Ray(pos=(0.08, -1.46, 0.98), dir=(0.35, 0.81, 0.47), nm=680.25, alive=True), <Event.EMIT: 5>)","(Ray(pos=(0.12, -1.37, 1.03), dir=(0.35, 0.81, -0.47), nm=680.25, alive=True), <Event.REFLECT: 1>)","(Ray(pos=(0.16, -1.26, 0.97), dir=(0.35, 0.81, 0.47), nm=680.25, alive=True), <Event.REFLECT: 1>)","(Ray(pos=(0.21, -1.16, 1.03), dir=(0.35, 0.81, -0.47), nm=680.25, alive=True), <Event.REFLECT: 1>)","(Ray(pos=(0.25, -1.06, 0.98), dir=(-0.35, 0.81, -0.47), nm=680.25, alive=True), <Event.REFLECT: 1>)","(Ray(pos=(0.24, -1.05, 0.97), dir=(-0.35, 0.81, 0.47), nm=680.25, alive=True), <Event.REFLECT: 1>)","(Ray(pos=(0.20, -0.95, 1.03), dir=(-0.35, 0.81, -0.47), nm=680.25, alive=True), <Event.REFLECT: 1>)","(Ray(pos=(0.15, -0.84, 0.97), dir=(-0.35, 0.81, 0.47), nm=680.25, alive=True), <Event.REFLECT: 1>)","(Ray(pos=(0.11, -0.74, 1.03), dir=(-0.35, 0.81, -0.47), nm=680.25, alive=True), <Event.REFLECT: 1>)","(Ray(pos=(0.06, -0.63, 0.97), dir=(-0.35, 0.81, 0.47), nm=680.25, alive=True), <Event.REFLECT: 1>)","(Ray(pos=(0.02, -0.53, 1.03), dir=(-0.35, 0.81, -0.47), nm=680.25, alive=True), <Event.REFLECT: 1>)","(Ray(pos=(-0.03, -0.43, 0.97), dir=(-0.35, 0.81, 0.47), nm=680.25, alive=True), <Event.REFLECT: 1>)","(Ray(pos=(-0.07, -0.32, 1.03), dir=(-0.35, 0.81, -0.47), nm=680.25, alive=True), <Event.REFLECT: 1>)","(Ray(pos=(-0.12, -0.22, 0.97), dir=(-0.35, 0.81, 0.47), nm=680.25, alive=True), <Event.REFLECT: 1>)","(Ray(pos=(-0.16, -0.11, 1.03), dir=(-0.35, 0.81, -0.47), nm=680.25, alive=True), <Event.REFLECT: 1>)","(Ray(pos=(-0.21, -0.01, 0.97), dir=(-0.35, 0.81, 0.47), nm=680.25, alive=True), <Event.REFLECT: 1>)","(Ray(pos=(-0.25, 0.09, 1.02), dir=(0.35, 0.81, 0.47), nm=680.25, alive=True), <Event.REFLECT: 1>)","(Ray(pos=(-0.25, 0.10, 1.03), dir=(0.35, 0.81, -0.47), nm=680.25, alive=True), <Event.REFLECT: 1>)","(Ray(pos=(-0.20, 0.20, 0.97), dir=(0.35, 0.81, 0.47), nm=680.25, alive=True), <Event.REFLECT: 1>)","(Ray(pos=(-0.16, 0.30, 1.03), dir=(0.35, 0.81, -0.47), nm=680.25, alive=True), <Event.REFLECT: 1>)","(Ray(pos=(-0.11, 0.41, 0.97), dir=(0.35, 0.81, 0.47), nm=680.25, alive=True), <Event.REFLECT: 1>)","(Ray(pos=(-0.06, 0.51, 1.03), dir=(0.35, 0.81, -0.47), nm=680.25, alive=True), <Event.REFLECT: 1>)","(Ray(pos=(-0.02, 0.62, 0.97), dir=(0.35, 0.81, 0.47), nm=680.25, alive=True), <Event.REFLECT: 1>)","(Ray(pos=(0.03, 0.72, 1.03), dir=(0.35, 0.81, -0.47), nm=680.25, alive=True), <Event.REFLECT: 1>)","(Ray(pos=(0.07, 0.83, 0.97), dir=(0.35, 0.81, 0.47), nm=680.25, alive=True), <Event.REFLECT: 1>)","(Ray(pos=(0.12, 0.93, 1.03), dir=(0.35, 0.81, -0.47), nm=680.25, alive=True), <Event.REFLECT: 1>)","(Ray(pos=(0.16, 1.03, 0.97), dir=(0.35, 0.81, 0.47), nm=680.25, alive=True), <Event.REFLECT: 1>)","(Ray(pos=(0.21, 1.14, 1.03), dir=(0.35, 0.81, -0.47), nm=680.25, alive=True), <Event.REFLECT: 1>)","(Ray(pos=(0.25, 1.24, 0.97), dir=(-0.35, 0.81, -0.47), nm=680.25, alive=True), <Event.REFLECT: 1>)","(Ray(pos=(0.25, 1.24, 0.97), dir=(-0.35, 0.81, 0.47), nm=680.25, alive=True), <Event.REFLECT: 1>)","(Ray(pos=(0.20, 1.35, 1.03), dir=(-0.35, 0.81, -0.47), nm=680.25, alive=True), <Event.REFLECT: 1>)","(Ray(pos=(0.16, 1.45, 0.97), dir=(-0.35, 0.81, 0.47), nm=680.25, alive=True), <Event.REFLECT: 1>)","(Ray(pos=(0.11, 1.56, 1.03), dir=(-0.35, 0.81, -0.47), nm=680.25, alive=True), <Event.REFLECT: 1>)","(Ray(pos=(0.07, 1.66, 0.97), dir=(-0.35, 0.81, 0.47), nm=680.25, alive=True), <Event.REFLECT: 1>)","(Ray(pos=(0.02, 1.77, 1.03), dir=(-0.35, 0.81, -0.47), nm=680.25, alive=True), <Event.REFLECT: 1>)","(Ray(pos=(-0.03, 1.87, 0.97), dir=(-0.35, 0.81, 0.47), nm=680.25, alive=True), <Event.REFLECT: 1>)","(Ray(pos=(-0.07, 1.97, 1.03), dir=(-0.35, 0.81, -0.47), nm=680.25, alive=True), <Event.REFLECT: 1>)","(Ray(pos=(-0.12, 2.08, 0.97), dir=(-0.35, 0.81, 0.47), nm=680.25, alive=True), <Event.REFLECT: 1>)","(Ray(pos=(-0.15, 2.15, 1.01), dir=(-0.35, 0.81, 0.47), nm=680.25, alive=True), <Event.ABSORB: 3>)"
"(Ray(pos=(0.04, -1.08, 0.00), dir=(0.19, 0.20, 0.96), nm=450.00, alive=True), <Event.GENERATE: 0>)","(Ray(pos=(0.23, -0.88, 0.97), dir=(0.10, 0.11, 0.99), nm=450.00, alive=True), <Event.TRANSMIT: 2>)","(Ray(pos=(0.23, -0.88, 0.99), dir=(0.10, 0.11, 0.99), nm=450.00, alive=True), <Event.ABSORB: 3>)"
"(Ray(pos=(0.03, 1.81, 0.00), dir=(0.02, 0.23, 0.97), nm=450.00, alive=True), <Event.GENERATE: 0>)","(Ray(pos=(0.05, 2.04, 0.97), dir=(0.01, 0.13, 0.99), nm=450.00, alive=True), <Event.TRANSMIT: 2>)","(Ray(pos=(0.05, 2.04, 0.98), dir=(0.01, 0.13, 0.99), nm=450.00, alive=True), <Event.ABSORB: 3>)"
"(Ray(pos=(-0.00, -0.10, 0.00), dir=(-0.21, -0.20, 0.96), nm=450.00, alive=True), <Event.GENERATE: 0>)","(Ray(pos=(-0.22, -0.30, 0.97), dir=(-0.12, -0.11, 0.99), nm=450.00, alive=True), <Event.TRANSMIT: 2>)","(Ray(pos=(-0.22, -0.30, 0.98), dir=(-0.12, -0.11, 0.99), nm=450.00, alive=True), <Event.ABSORB: 3>)"
"(Ray(pos=(-0.02, -1.76, 0.00), dir=(0.02, 0.04, 1.00), nm=450.00, alive=True), <Event.GENERATE: 0>)","(Ray(pos=(-0.00, -1.72, 0.97), dir=(0.01, 0.02, 1.00), nm=450.00, alive=True), <Event.TRANSMIT: 2>)","(Ray(pos=(-0.00, -1.72, 1.00), dir=(0.01, 0.02, 1.00), nm=450.00, alive=True), <Event.ABSORB: 3>)"
"(Ray(pos=(-0.05, 0.69, 0.00), dir=(-0.19, 0.22, 0.96), nm=450.00, alive=True), <Event.GENERATE: 0>)","(Ray(pos=(-0.24, 0.91, 0.97), dir=(-0.10, 0.12, 0.99), nm=450.00, alive=True), <Event.TRANSMIT: 2>)","(Ray(pos=(-0.24, 0.92, 1.00), dir=(-0.58, -0.77, 0.26), nm=500.06, alive=True), <Event.EMIT: 5>)","(Ray(pos=(-0.25, 0.91, 1.01), dir=(0.58, -0.77, 0.26), nm=500.06, alive=True), <Event.REFLECT: 1>)","(Ray(pos=(-0.20, 0.84, 1.03), dir=(0.58, -0.77, -0.26), nm=500.06, alive=True), <Event.REFLECT: 1>)","(Ray(pos=(-0.06, 0.66, 0.97), dir=(0.58, -0.77, 0.26), nm=500.06, alive=True), <Event.REFLECT: 1>)","(Ray(pos=(0.08, 0.47, 1.03), dir=(0.58, -0.77, -0.26), nm=500.06, alive=True), <Event.REFLECT: 1>)","(Ray(pos=(0.10, 0.44, 1.02), dir=(-0.10, 0.15, -0.98), nm=546.33, alive=True), <Event.EMIT: 5>)","(Ray(pos=(0.10, 0.45, 0.97), dir=(-0.18, 0.28, -0.94), nm=546.33, alive=True), <Event.TRANSMIT: 2>)","(Ray(pos=(-1.88, 3.48, -9.19), dir=(-0.18, 0.28, -0.94), nm=546.33, alive=True), <Event.EXIT: 6>)"
"(Ray(pos=(0.04, 0.92, 0.00), dir=(0.24, -0.01, 0.97), nm=450.00, alive=True), <Event.GENERATE: 0>)","(Ray(pos=(2.43, 0.82, 9.67), dir=(0.24, -0.01, 0.97), nm=450.00, alive=True), <Event.EXIT: 6>)"
"(Ray(pos=(-0.02, 0.58, 0.00), dir=(0.14, 0.05, 0.99), nm=450.00, alive=True), <Event.GENERATE: 0>)","(Ray(pos=(0.12, 0.63, 0.97), dir=(0.08, 0.03, 1.00), nm=450.00, alive=True), <Event.TRANSMIT: 2>)","(Ray(pos=(0.12, 0.63, 0.98), dir=(0.08, 0.03, 1.00), nm=450.00, alive=True), <Event.ABSORB: 3>)"
"(Ray(pos=(0.03, -2.00, 0.00), dir=(0.23, -0.30, 0.92), nm=450.00, alive=True), <Event.GENERATE: 0>)","(Ray(pos=(2.19, -4.78, 8.51), dir=(0.23, -0.30, 0.92), nm=450.00, alive=True), <Event.EXIT: 6>)"
"(Ray(pos=(-0.01, -1.31, 0.00), dir=(0.28, 0.06, 0.96), nm=450.00, alive=True), <Event.GENERATE: 0>)","(Ray(pos=(2.79, -0.73, 9.58), dir=(0.28, 0.06, 0.96), nm=450.00, alive=True), <Event.EXIT: 6>)"
"(Ray(pos=(0.03, 1.65, 0.00), dir=(0.17, -0.28, 0.94), nm=450.00, alive=True), <Event.GENERATE: 0>)","(Ray(pos=(0.21, 1.35, 0.97), dir=(0.09, -0.16, 0.98), nm=450.00, alive=True), <Event.TRANSMIT: 2>)","(Ray(pos=(0.21, 1.35, 0.98), dir=(0.09, -0.16, 0.98), nm=450.00, alive=True), <Event.ABSORB: 3>)"
